name,width,direction
crg_apb_slv_ratio_apb_paddr,12,output
crg_apb_slv_ratio_apb_pwrite,1,output
crg_apb_slv_ratio_apb_psel,1,output
crg_apb_slv_ratio_apb_pprot,3,output
crg_apb_slv_ratio_apb_pstrobe,4,output
crg_apb_slv_ratio_apb_penable,1,output
crg_apb_slv_ratio_apb_pwdata,32,output
crg_apb_slv_ratio_apb_prdata,32,input
crg_apb_slv_ratio_apb_pready,1,input
crg_apb_slv_ratio_apb_pslverr,1,input
npu_ahbl_slv_async_ahbl_htrans,2,output
npu_ahbl_slv_async_ahbl_hwrite,1,output
npu_ahbl_slv_async_ahbl_hmastlock,1,output
npu_ahbl_slv_async_ahbl_hsize,3,output
npu_ahbl_slv_async_ahbl_hburst,3,output
npu_ahbl_slv_async_ahbl_hprot,4,output
npu_ahbl_slv_async_ahbl_hwdata,32,output
npu_ahbl_slv_async_ahbl_haddr,19,output
npu_ahbl_slv_async_ahbl_hrdata,32,input
npu_ahbl_slv_async_ahbl_hresp,2,input
npu_ahbl_slv_async_ahbl_hready,1,input
test_fab_apb_slv_icb_cmd_valid,1,output
test_fab_apb_slv_icb_cmd_ready,1,input
test_fab_apb_slv_icb_cmd_sel,1,output
test_fab_apb_slv_icb_cmd_read,1,output
test_fab_apb_slv_icb_cmd_addr,32,output
test_fab_apb_slv_icb_cmd_wdata,32,output
test_fab_apb_slv_icb_cmd_wmask,4,output
test_fab_apb_slv_icb_cmd_size,3,output
test_fab_apb_slv_icb_cmd_lock,1,output
test_fab_apb_slv_icb_cmd_excl,1,output
test_fab_apb_slv_icb_cmd_xlen,8,output
test_fab_apb_slv_icb_cmd_xburst,2,output
test_fab_apb_slv_icb_cmd_modes,2,output
test_fab_apb_slv_icb_cmd_dmode,1,output
test_fab_apb_slv_icb_cmd_attri,3,output
test_fab_apb_slv_icb_cmd_beat,2,output
test_fab_apb_slv_icb_rsp_ready,1,output
test_fab_apb_slv_icb_rsp_valid,1,input
test_fab_apb_slv_icb_rsp_err,1,input
test_fab_apb_slv_icb_rsp_excl_ok,1,input
test_fab_apb_slv_icb_rsp_rdata,32,input
cpu0_cpu_clk_en,1,input
idu_subm_pd_n,1,input
soc_glue_subm_pd_n,1,input
soc_glue_cfg_clk_en,1,input
udma0_subm_pd_n,1,input
udma0_cfg_clk_en,1,input
udma1_subm_pd_n,1,input
udma1_cfg_clk_en,1,input
usart0_subm_pd_n,1,input
usart0_cfg_clk_en,1,input
usart1_subm_pd_n,1,input
usart1_cfg_clk_en,1,input
qspi_xip0_subm_pd_n,1,input
qspi_xip0_cfg_clk_en,1,input
qspi2_subm_pd_n,1,input
qspi2_cfg_clk_en,1,input
lgpio0_subm_pd_n,1,input
lgpio0_cfg_clk_en,1,input
wwdg0_cfg_clk_en,1,input
rtc0_cfg_clk_en,1,input
sai0_subm_pd_n,1,input
sai0_cfg_clk_en,1,input
crg_apb_slv_ratio_subm_pd_n,1,input
crg_apb_slv_clk_en,1,input
npu_ahbl_slv_async_subm_pd_n,1,input
npu_ahbl_slv_clk,1,input
sync_npu_ahbl_slv_clk_npu_ahbl_slv_async_rst_n,1,input
qspi1_subm_pd_n,1,input
qspi1_cfg_clk_en,1,input
clkgate_bypass,1,input
main_fab_clk,1,input
npu_axi_mst_async_fifo_axi_arvalid,1,input
npu_axi_mst_async_fifo_axi_arready,1,output
npu_axi_mst_async_fifo_axi_araddr,32,input
npu_axi_mst_async_fifo_axi_arlen,8,input
npu_axi_mst_async_fifo_axi_arsize,3,input
npu_axi_mst_async_fifo_axi_arburst,2,input
npu_axi_mst_async_fifo_axi_arlock,1,input
npu_axi_mst_async_fifo_axi_arcache,4,input
npu_axi_mst_async_fifo_axi_arprot,3,input
npu_axi_mst_async_fifo_axi_rready,1,input
npu_axi_mst_async_fifo_axi_rvalid,1,output
npu_axi_mst_async_fifo_axi_rdata,256,output
npu_axi_mst_async_fifo_axi_rresp,2,output
npu_axi_mst_async_fifo_axi_rlast,1,output
npu_axi_mst_async_fifo_axi_awvalid,1,input
npu_axi_mst_async_fifo_axi_awready,1,output
npu_axi_mst_async_fifo_axi_awaddr,32,input
npu_axi_mst_async_fifo_axi_awlen,8,input
npu_axi_mst_async_fifo_axi_awsize,3,input
npu_axi_mst_async_fifo_axi_awburst,2,input
npu_axi_mst_async_fifo_axi_awlock,1,input
npu_axi_mst_async_fifo_axi_awcache,4,input
npu_axi_mst_async_fifo_axi_awprot,3,input
npu_axi_mst_async_fifo_axi_bready,1,input
npu_axi_mst_async_fifo_axi_bvalid,1,output
npu_axi_mst_async_fifo_axi_bresp,2,output
npu_axi_mst_async_fifo_axi_wready,1,output
npu_axi_mst_async_fifo_axi_wvalid,1,input
npu_axi_mst_async_fifo_axi_wdata,256,input
npu_axi_mst_async_fifo_axi_wstrb,32,input
npu_axi_mst_async_fifo_axi_wlast,1,input
npu_axi_slv_async_fifo_axi_arvalid,1,output
npu_axi_slv_async_fifo_axi_arready,1,input
npu_axi_slv_async_fifo_axi_araddr,23,output
npu_axi_slv_async_fifo_axi_arlen,8,output
npu_axi_slv_async_fifo_axi_arsize,3,output
npu_axi_slv_async_fifo_axi_arburst,2,output
npu_axi_slv_async_fifo_axi_arlock,1,output
npu_axi_slv_async_fifo_axi_arcache,4,output
npu_axi_slv_async_fifo_axi_arprot,3,output
npu_axi_slv_async_fifo_axi_rready,1,output
npu_axi_slv_async_fifo_axi_rvalid,1,input
npu_axi_slv_async_fifo_axi_rdata,256,input
npu_axi_slv_async_fifo_axi_rresp,2,input
npu_axi_slv_async_fifo_axi_rlast,1,input
npu_axi_slv_async_fifo_axi_awvalid,1,output
npu_axi_slv_async_fifo_axi_awready,1,input
npu_axi_slv_async_fifo_axi_awaddr,23,output
npu_axi_slv_async_fifo_axi_awlen,8,output
npu_axi_slv_async_fifo_axi_awsize,3,output
npu_axi_slv_async_fifo_axi_awburst,2,output
npu_axi_slv_async_fifo_axi_awlock,1,output
npu_axi_slv_async_fifo_axi_awcache,4,output
npu_axi_slv_async_fifo_axi_awprot,3,output
npu_axi_slv_async_fifo_axi_bready,1,output
npu_axi_slv_async_fifo_axi_bvalid,1,input
npu_axi_slv_async_fifo_axi_bresp,2,input
npu_axi_slv_async_fifo_axi_wready,1,input
npu_axi_slv_async_fifo_axi_wvalid,1,output
npu_axi_slv_async_fifo_axi_wdata,256,output
npu_axi_slv_async_fifo_axi_wstrb,32,output
npu_axi_slv_async_fifo_axi_wlast,1,output
sram0_ram_icb_cmd_valid,1,output
sram0_ram_icb_cmd_ready,1,input
sram0_ram_icb_cmd_sel,1,output
sram0_ram_icb_cmd_read,1,output
sram0_ram_icb_cmd_addr,21,output
sram0_ram_icb_cmd_wdata,256,output
sram0_ram_icb_cmd_wmask,32,output
sram0_ram_icb_cmd_size,3,output
sram0_ram_icb_cmd_lock,1,output
sram0_ram_icb_cmd_excl,1,output
sram0_ram_icb_cmd_xlen,8,output
sram0_ram_icb_cmd_xburst,2,output
sram0_ram_icb_cmd_modes,2,output
sram0_ram_icb_cmd_dmode,1,output
sram0_ram_icb_cmd_attri,3,output
sram0_ram_icb_cmd_beat,2,output
sram0_ram_icb_rsp_ready,1,output
sram0_ram_icb_rsp_valid,1,input
sram0_ram_icb_rsp_err,1,input
sram0_ram_icb_rsp_excl_ok,1,input
sram0_ram_icb_rsp_rdata,256,input
sram1_ram_icb_cmd_valid,1,output
sram1_ram_icb_cmd_ready,1,input
sram1_ram_icb_cmd_sel,1,output
sram1_ram_icb_cmd_read,1,output
sram1_ram_icb_cmd_addr,21,output
sram1_ram_icb_cmd_wdata,256,output
sram1_ram_icb_cmd_wmask,32,output
sram1_ram_icb_cmd_size,3,output
sram1_ram_icb_cmd_lock,1,output
sram1_ram_icb_cmd_excl,1,output
sram1_ram_icb_cmd_xlen,8,output
sram1_ram_icb_cmd_xburst,2,output
sram1_ram_icb_cmd_modes,2,output
sram1_ram_icb_cmd_dmode,1,output
sram1_ram_icb_cmd_attri,3,output
sram1_ram_icb_cmd_beat,2,output
sram1_ram_icb_rsp_ready,1,output
sram1_ram_icb_rsp_valid,1,input
sram1_ram_icb_rsp_err,1,input
sram1_ram_icb_rsp_excl_ok,1,input
sram1_ram_icb_rsp_rdata,256,input
sram2_ram_icb_cmd_valid,1,output
sram2_ram_icb_cmd_ready,1,input
sram2_ram_icb_cmd_sel,1,output
sram2_ram_icb_cmd_read,1,output
sram2_ram_icb_cmd_addr,21,output
sram2_ram_icb_cmd_wdata,256,output
sram2_ram_icb_cmd_wmask,32,output
sram2_ram_icb_cmd_size,3,output
sram2_ram_icb_cmd_lock,1,output
sram2_ram_icb_cmd_excl,1,output
sram2_ram_icb_cmd_xlen,8,output
sram2_ram_icb_cmd_xburst,2,output
sram2_ram_icb_cmd_modes,2,output
sram2_ram_icb_cmd_dmode,1,output
sram2_ram_icb_cmd_attri,3,output
sram2_ram_icb_cmd_beat,2,output
sram2_ram_icb_rsp_ready,1,output
sram2_ram_icb_rsp_valid,1,input
sram2_ram_icb_rsp_err,1,input
sram2_ram_icb_rsp_excl_ok,1,input
sram2_ram_icb_rsp_rdata,256,input
sram3_ram_icb_cmd_valid,1,output
sram3_ram_icb_cmd_ready,1,input
sram3_ram_icb_cmd_sel,1,output
sram3_ram_icb_cmd_read,1,output
sram3_ram_icb_cmd_addr,21,output
sram3_ram_icb_cmd_wdata,256,output
sram3_ram_icb_cmd_wmask,32,output
sram3_ram_icb_cmd_size,3,output
sram3_ram_icb_cmd_lock,1,output
sram3_ram_icb_cmd_excl,1,output
sram3_ram_icb_cmd_xlen,8,output
sram3_ram_icb_cmd_xburst,2,output
sram3_ram_icb_cmd_modes,2,output
sram3_ram_icb_cmd_dmode,1,output
sram3_ram_icb_cmd_attri,3,output
sram3_ram_icb_cmd_beat,2,output
sram3_ram_icb_rsp_ready,1,output
sram3_ram_icb_rsp_valid,1,input
sram3_ram_icb_rsp_err,1,input
sram3_ram_icb_rsp_excl_ok,1,input
sram3_ram_icb_rsp_rdata,256,input
npu_axi_mst_clk,1,input
sync_npu_axi_mst_clk_npu_axi_mst_async_fifo_rst_n,1,input
npu_axi_mst_async_fifo_axi_aruser,8,input
npu_axi_mst_async_fifo_axi_ruser,8,output
npu_axi_mst_async_fifo_axi_awuser,8,input
npu_axi_mst_async_fifo_axi_buser,8,output
npu_axi_slv_async_fifo_subm_pd_n,1,input
npu_axi_slv_clk,1,input
sync_npu_axi_slv_clk_npu_axi_slv_async_fifo_rst_n,1,input
sram0_subm_pd_n,1,input
sram0_clk_en,1,input
sram1_subm_pd_n,1,input
sram1_clk_en,1,input
sram2_subm_pd_n,1,input
sram2_clk_en,1,input
sram3_subm_pd_n,1,input
sram3_clk_en,1,input
axi_fab_clk,1,input
core0_dmi2tap_clk_ack,1,output
core0_dmi2tap_rdata,32,output
core0_dtm_dmi_resetn,1,input
core0_tap2dmi_data,41,input
core0_tap2dmi_tck_req,1,input
core0_dbg_no_sleep,1,output
core0_i_dbg_stop,1,input
cpu_dbg_stop_at_boot,1,input
core0_override_dm_sleep,1,input
core0_dbg_stoptime,1,output
cpu1_cpu_clk,1,input
reset_bypass,1,input
soc_clk_core0_stop_on_reset,1,input
core1_sysrstreq,1,output
core0_mtime_toggle_a,1,input
core0_icache_disable_init,1,input
core0_hart_id,10,input
core0_reset_vector,32,input
core0_core_wfi_mode,1,output
core0_core_sleep,1,output
lgpio0_cfg_clk,1,input
wwdg0_cfg_clk,1,input
usart0_rx_i_ival,1,input
usart0_rx_o_oval,1,output
usart0_rx_o_oe,1,output
usart0_rx_o_pue,1,output
usart0_tx_i_ival,1,input
usart0_tx_o_oval,1,output
usart0_tx_o_oe,1,output
usart0_tx_o_pue,1,output
usart0_sclk_i_ival,1,input
usart0_sclk_o_oval,1,output
usart0_sclk_o_oe,1,output
usart0_sclk_o_pue,1,output
usart0_cts_i_ival,1,input
usart0_cts_o_oval,1,output
usart0_cts_o_oe,1,output
usart0_cts_o_pue,1,output
usart0_rts_i_ival,1,input
usart0_rts_o_oval,1,output
usart0_rts_o_oe,1,output
usart0_rts_o_pue,1,output
usart1_rx_i_ival,1,input
usart1_rx_o_oval,1,output
usart1_rx_o_oe,1,output
usart1_rx_o_pue,1,output
usart1_tx_i_ival,1,input
usart1_tx_o_oval,1,output
usart1_tx_o_oe,1,output
usart1_tx_o_pue,1,output
usart1_sclk_i_ival,1,input
usart1_sclk_o_oval,1,output
usart1_sclk_o_oe,1,output
usart1_sclk_o_pue,1,output
usart1_cts_i_ival,1,input
usart1_cts_o_oval,1,output
usart1_cts_o_oe,1,output
usart1_cts_o_pue,1,output
usart1_rts_i_ival,1,input
usart1_rts_o_oval,1,output
usart1_rts_o_oe,1,output
usart1_rts_o_pue,1,output
qspi_xip0_sck_i_ival,1,input
qspi_xip0_sck_o_oval,1,output
qspi_xip0_sck_o_oe,1,output
qspi_xip0_cs_0_i_ival,1,input
qspi_xip0_cs_0_o_oval,1,output
qspi_xip0_cs_0_o_oe,1,output
qspi_xip0_dq_0_i_ival,1,input
qspi_xip0_dq_0_o_oval,1,output
qspi_xip0_dq_0_o_oe,1,output
qspi_xip0_dq_1_i_ival,1,input
qspi_xip0_dq_1_o_oval,1,output
qspi_xip0_dq_1_o_oe,1,output
qspi_xip0_dq_2_i_ival,1,input
qspi_xip0_dq_2_o_oval,1,output
qspi_xip0_dq_2_o_oe,1,output
qspi_xip0_dq_3_i_ival,1,input
qspi_xip0_dq_3_o_oval,1,output
qspi_xip0_dq_3_o_oe,1,output
qspi_xip0_flash_dw32_sel,1,input
qspi_xip0_flash_spare_sel,1,input
dftmux_bypass,1,input
scan_clk,1,input
qspi2_sck_i_ival,1,input
qspi2_sck_o_oval,1,output
qspi2_sck_o_oe,1,output
qspi2_cs_0_i_ival,1,input
qspi2_cs_0_o_oval,1,output
qspi2_cs_0_o_oe,1,output
qspi2_dq_0_i_ival,1,input
qspi2_dq_0_o_oval,1,output
qspi2_dq_0_o_oe,1,output
qspi2_dq_1_i_ival,1,input
qspi2_dq_1_o_oval,1,output
qspi2_dq_1_o_oe,1,output
qspi2_dq_2_i_ival,1,input
qspi2_dq_2_o_oval,1,output
qspi2_dq_2_o_oe,1,output
qspi2_dq_3_i_ival,1,input
qspi2_dq_3_o_oval,1,output
qspi2_dq_3_o_oe,1,output
qspi2_flash_dw32_sel,1,input
qspi2_flash_spare_sel,1,input
qspi1_sck_i_ival,1,input
qspi1_sck_o_oval,1,output
qspi1_sck_o_oe,1,output
qspi1_cs_0_i_ival,1,input
qspi1_cs_0_o_oval,1,output
qspi1_cs_0_o_oe,1,output
qspi1_dq_0_i_ival,1,input
qspi1_dq_0_o_oval,1,output
qspi1_dq_0_o_oe,1,output
qspi1_dq_1_i_ival,1,input
qspi1_dq_1_o_oval,1,output
qspi1_dq_1_o_oe,1,output
qspi1_dq_2_i_ival,1,input
qspi1_dq_2_o_oval,1,output
qspi1_dq_2_o_oe,1,output
qspi1_dq_3_i_ival,1,input
qspi1_dq_3_o_oval,1,output
qspi1_dq_3_o_oe,1,output
qspi1_flash_dw32_sel,1,input
qspi1_flash_spare_sel,1,input
lgpio0_gpio0_i_ival,1,input
lgpio0_gpio0_o_oval,1,output
lgpio0_gpio0_o_oe,1,output
lgpio0_gpio0_o_pue,1,output
lgpio0_gpio0_o_pde,1,output
lgpio0_gpio0_o_keep,1,output
lgpio0_gpio1_i_ival,1,input
lgpio0_gpio1_o_oval,1,output
lgpio0_gpio1_o_oe,1,output
lgpio0_gpio1_o_pue,1,output
lgpio0_gpio1_o_pde,1,output
lgpio0_gpio1_o_keep,1,output
lgpio0_gpio2_i_ival,1,input
lgpio0_gpio2_o_oval,1,output
lgpio0_gpio2_o_oe,1,output
lgpio0_gpio2_o_pue,1,output
lgpio0_gpio2_o_pde,1,output
lgpio0_gpio2_o_keep,1,output
lgpio0_gpio3_i_ival,1,input
lgpio0_gpio3_o_oval,1,output
lgpio0_gpio3_o_oe,1,output
lgpio0_gpio3_o_pue,1,output
lgpio0_gpio3_o_pde,1,output
lgpio0_gpio3_o_keep,1,output
lgpio0_gpio4_i_ival,1,input
lgpio0_gpio4_o_oval,1,output
lgpio0_gpio4_o_oe,1,output
lgpio0_gpio4_o_pue,1,output
lgpio0_gpio4_o_pde,1,output
lgpio0_gpio4_o_keep,1,output
lgpio0_gpio5_i_ival,1,input
lgpio0_gpio5_o_oval,1,output
lgpio0_gpio5_o_oe,1,output
lgpio0_gpio5_o_pue,1,output
lgpio0_gpio5_o_pde,1,output
lgpio0_gpio5_o_keep,1,output
wwdg0_wdogres,1,output
sai0_sai0_a_fs_i_ival,1,input
sai0_sai0_a_fs_o_oval,1,output
sai0_sai0_a_fs_o_oe,1,output
sai0_sai0_a_sck_i_ival,1,input
sai0_sai0_a_sck_o_oval,1,output
sai0_sai0_a_sck_o_oe,1,output
sai0_sai0_a_sd0_i_ival,1,input
sai0_sai0_a_sd0_o_oval,1,output
sai0_sai0_a_sd0_o_oe,1,output
sai0_sai0_a_sd1_i_ival,1,input
sai0_sai0_a_sd1_o_oval,1,output
sai0_sai0_a_sd1_o_oe,1,output
sai0_sai0_a_sd2_i_ival,1,input
sai0_sai0_a_sd2_o_oval,1,output
sai0_sai0_a_sd2_o_oe,1,output
sai0_sai0_a_sd3_i_ival,1,input
sai0_sai0_a_sd3_o_oval,1,output
sai0_sai0_a_sd3_o_oe,1,output
sai0_sai0_a_mclk_o_oval,1,output
sai0_sai0_a_mclk_o_oe,1,output
sai0_sai0_b_fs_i_ival,1,input
sai0_sai0_b_fs_o_oval,1,output
sai0_sai0_b_fs_o_oe,1,output
sai0_sai0_b_sck_i_ival,1,input
sai0_sai0_b_sck_o_oval,1,output
sai0_sai0_b_sck_o_oe,1,output
sai0_sai0_b_sd0_i_ival,1,input
sai0_sai0_b_sd0_o_oval,1,output
sai0_sai0_b_sd0_o_oe,1,output
sai0_sai0_b_sd1_i_ival,1,input
sai0_sai0_b_sd1_o_oval,1,output
sai0_sai0_b_sd1_o_oe,1,output
sai0_sai0_b_sd2_i_ival,1,input
sai0_sai0_b_sd2_o_oval,1,output
sai0_sai0_b_sd2_o_oe,1,output
sai0_sai0_b_sd3_i_ival,1,input
sai0_sai0_b_sd3_o_oval,1,output
sai0_sai0_b_sd3_o_oe,1,output
sai0_sai0_b_mclk_o_oval,1,output
sai0_sai0_b_mclk_o_oe,1,output
idu_cfg_clk,1,input
qspi1_cfg_clk,1,input
qspi2_cfg_clk,1,input
qspi_xip0_cfg_clk,1,input
sai0_cfg_clk,1,input
sai0_sai0_sai_clk,1,input
soc_glue_cfg_clk,1,input
udma0_cfg_clk,1,input
udma1_cfg_clk,1,input
usart0_cfg_clk,1,input
usart1_cfg_clk,1,input
idu_subm_clk_en_r,1,input
soc_glue_subm_clk_en_r,1,input
udma0_subm_clk_en_r,1,input
udma1_subm_clk_en_r,1,input
usart0_subm_clk_en_r,1,input
usart1_subm_clk_en_r,1,input
qspi_xip0_subm_clk_en_r,1,input
qspi2_subm_clk_en_r,1,input
qspi1_subm_clk_en_r,1,input
lgpio0_subm_clk_en_r,1,input
sai0_subm_clk_en_r,1,input
por_rst_n,1,input
sync_cpu0_cpu_clk_core0_por_reset_n,1,input
sync_cpu0_cpu_clk_core0_core_reset_n,1,input
sync_idu_cfg_clk_idu_rst_n,1,input
sync_soc_glue_cfg_clk_soc_glue_rst_n,1,input
sync_udma0_cfg_clk_udma0_rst_n,1,input
sync_udma1_cfg_clk_udma1_rst_n,1,input
sync_usart0_cfg_clk_usart0_rst_n,1,input
sync_usart1_cfg_clk_usart1_rst_n,1,input
sync_qspi_xip0_cfg_clk_qspi_xip0_rst_n,1,input
sync_qspi2_cfg_clk_qspi2_rst_n,1,input
sync_qspi1_cfg_clk_qspi1_rst_n,1,input
sync_lgpio0_cfg_clk_lgpio0_rst_n,1,input
sync_wwdg0_cfg_clk_wwdg0_por_rst_n,1,input
sync_wwdg0_cfg_clk_wwdg0_icb_rst_n,1,input
sync_sai0_cfg_clk_sai0_sys_rst_n,1,input
sync_main_fab_clk_main_fab_rst_n,1,input
sync_axi_fab_clk_axi_fab_rst_n,1,input
rtc0_cfg_clk,1,input
rtc0_rtc_clk,1,input
sync_rtc0_rtc_clk_rtc0_rtc_rst_n,1,input
sync_rtc0_cfg_clk_rtc0_bkp_reg_rst_n,1,input
sync_rtc0_cfg_clk_rtc0_icb_rst_n,1,input
user_soc_irg,116,input
